{
    "G34_P14_p1.stl": [
        [
            0.0,
            -8.29994,
            -8.3
        ],
        [
            12.7,
            8.28758,
            8.28764
        ]
    ],
    "G34_P14_p2.stl": [
        [
            0.000157161,
            -4.0,
            -4.0
        ],
        [
            6.00016,
            4.0,
            4.0
        ]
    ],
    "Axel_Case_p1.stl": [
        [
            -9.9859,
            -29.4783,
            -10.5438
        ],
        [
            5.6,
            29.5217,
            10.4545
        ]
    ],
    "Drive_Shaft.stl": [
        [
            -2.99978,
            -29.0,
            -2.97468
        ],
        [
            2.99978,
            0.0,
            3.02488
        ]
    ],
    "Axle_Case_p1.stl": [
        [
            -9.9859,
            -29.4783,
            -10.5438
        ],
        [
            5.6,
            29.5217,
            10.4545
        ]
    ],
    "Axle_Case_p2.stl": [
        [
            5.5,
            -9.27305,
            -10.2254
        ],
        [
            18.5,
            9.28825,
            10.5352
        ]
    ],
    "P14_G34.stl": [
        [
            0.0770164,
            -3.99997,
            -3.99441
        ],
        [
            12.2691,
            3.88464,
            3.89701
        ]
    ],
    "Axle_Case_p4.stl": [
        [
            0.0,
            -2.0,
            -5.0
        ],
        [
            7.5,
            2.0,
            5.0
        ]
    ],
    "5_5_ball_Closed.stl": [
        [
            -1.66868e-14,
            -2.79879,
            -2.69823
        ],
        [
            7.2,
            2.69879,
            2.69823
        ]
    ],
    "5_5_ball_Open.stl": [
        [
            -8.67362e-16,
            -2.8,
            -2.6994
        ],
        [
            6.16472,
            2.7,
            2.6994
        ]
    ],
    "Servo_Holder.stl": [
        [
            0.0,
            -2.5,
            0.0
        ],
        [
            8.5,
            2.5,
            18.0
        ]
    ],
    "Axle_Case_p3.stl": [
        [
            -4.99431,
            -10.494,
            -2.0
        ],
        [
            4.99431,
            -0.00613369,
            4.33681e-16
        ]
    ],
    "Hub.stl": [
        [
            -6.99999,
            -5.49831,
            -9.0
        ],
        [
            14.495,
            5.25,
            9.0
        ]
    ],
    "Drive_Cup.stl": [
        [
            -4.5,
            0.0,
            -4.5
        ],
        [
            4.5,
            11.5,
            4.5
        ]
    ],
    "Center_Drive_Cup.stl": [
        [
            0.0,
            -4.5,
            -4.5
        ],
        [
            9.64605,
            4.5,
            4.5
        ]
    ],
    "Servo_Horn.stl": [
        [
            -7.70015,
            -4.94744,
            -5.0
        ],
        [
            -0.00015,
            5.05254,
            14.0
        ]
    ],
    "Ball_Link_62mm.stl": [
        [
            -7.8125,
            -66.3125,
            -3.5
        ],
        [
            0.8125,
            4.3125,
            -0.493751
        ]
    ],
    "Link_Closed_35mm.stl": [
        [
            -3.49951,
            -21.1,
            -3.49566
        ],
        [
            2.01497,
            -1.40258e-15,
            3.69566
        ]
    ],
    "Ball_Link_41mm.stl": [
        [
            -4.3125,
            -45.3125,
            -3.5
        ],
        [
            4.3125,
            4.3125,
            -0.493751
        ]
    ]
}